{"cameraMode":{"drawMode":0,"name":"Shaded","section":"Shading Mode"},"sceneLighting":true,"audioPlay":false,"sceneViewState":{"showFog":true,"showMaterialUpdate":false,"showSkybox":true,"showFlares":true,"showImageEffects":true,"showParticleSystems":true},"in2DMode":false,"pivot":{"x":-0.825354814529419,"y":0.6217132806777954,"z":-10.933363914489746},"rotation":{"x":-0.1873648762702942,"y":-0.7428182363510132,"z":0.23222465813159944,"w":-0.5993245840072632},"size":18.6448974609375,"orthographic":false}