{"cameraMode":{"drawMode":0,"name":"Shaded","section":"Shading Mode"},"sceneLighting":false,"audioPlay":false,"sceneViewState":{"showFog":true,"showMaterialUpdate":false,"showSkybox":false,"showFlares":true,"showImageEffects":true,"showParticleSystems":true},"in2DMode":false,"pivot":{"x":0.7999999523162842,"y":0.47000014781951907,"z":0.30000001192092898},"rotation":{"x":-0.03475010767579079,"y":-0.05484247952699661,"z":0.001911431667394936,"w":-0.9978947043418884},"size":2.8578836917877199,"orthographic":false}